OSM Tags have to be in BRITISH English!  --> KANN DAS JEMAND BITTE KORRIGIEREN; ICH KENNE DIE FEINHEITEN NICHT,,,,,,,,,,,
An OSM Tag consists of Key and Value (written key=value),,,,,,,,,,,
,,,,,,,,,,,
,,,,,,,,,,,
Descriptions for Columns,TransforTax Primary key is the Transformap INTERNAL Name for this item/set,"OpenStreetMap ""Key""<https://wiki.openstreetmap.org/wiki/Key>","OpenStreetMap ""Value""<https://wiki.openstreetmap.org/wiki/Value>",Click Link for a Map of currently tagged Objects,English short Description used for e.g. labeling checkboxes of this item in Editors,"Deutsche Kurzbeschreibung, die z.B. für Checkboxen dieses Eintrags in einem Editor verwendet wird","English long description, e.g. available when clicking on ""further information""","Deutsche Langbeschreibung, z.B. bei Klick auf ""Weitere Informationen zu dieser Eigenschaft""",OSM objects which do have this tag set on DEFAULT?,Discussion,
Comment:,does not have to be the same as key in other databases!,"Rules for OSM Keys: British English, lowercase, only special chars accepted are minus (-), underscore (_) and colon (:). Colon is used as group separator.","Rules for OSM Values: 

• either free text (in English, or local language (if e.g. "":de"" is appended to key)

• if it does have predefined values, use same rules as for keys. Common values are: yes; no; limited; designated; limited
If more than one value, separate with semicolon (;)",,,,,,"all objects mentioned here have this tag automatically set, when POI-type is chosen in an input mask
() - brackets are used to group two tags together - is only valid if ALL tags in brackets are set.",,
,TransforTax - Primary Key,OSM-Key,OSM-Value,Overpass-Link,label:en ,label:de ,description:en ,description:de ,OSM: default on objects,,Transformap-POIs
Group,,fulfils_needs,,http://overpass-turbo.eu/s/5a6,Needs fullfilled by a community,Erfüllte Bedürfnisse,"We all have needs. We need food and shelter, we need mobility and we need to communicate with others. Here is a list of various needs. You will find both: things that directly satisfy your needs as well as people who care for providing these things and for running needs-oriented projects","Wir alle haben Bedürfnisse. Wir müssen essen und trinken, wir suchen Schutz, brauchen Wissen und Mobilität. Hier findet sich eine Liste dieser Bedürfnisse.","A second spreadsheet lists Transformap-objects, their default needs and their osm-tags (already used and proposed by TransforMap): http://calc.allmende.io/TransforMap-POIs","You will find both: things that directly satisfy your needs as well as people who provide them and run needs-oriented projects.

",
Items,,,,,,,,,,,
,,fulfils_needs:food+drink,yes ,http://overpass-turbo.eu/?template=key&key=fullfills_needs:food,provides: food & drink,Bietet: Essen & Getränke,"Here you can find drinks and something to eat, recently harvested or ready to enjoy.",Hier gibt es etwas zu essen - Nahrungs- und Lebensmittel und Getränke,"amenity=bar;restaurant;pub;cafe;biergarten;marketplace;fast_food shop=supermarket;convenience;butcher;bakery;seafood;deli;confectionery;tea;coffee;greengrocer;farm;alcohol;beverages
landuse=farm[yard|land];orchard;vineyard
natural=spring
(amenity=social_facility+social_facility=food_bank)","HELMUT: Find ich sehr sinnvoll, dies zusammen zu tun!","Community-Gärten, Lebensmittel-Tauschregale, Food-Coops, CSA-Abholpunkt"
,,fulfils_needs:water,yes ,http://overpass-turbo.eu/?template=key&key=fullfills_needs:beverages,provides: water ,Bietet: Wasser ,This is about Water.,Hier geht es um Wasser.,"natural=spring
man_made=pumping_station(+pumping_station=water/wastewater/sewage);water_tower;water_works","HELMUT: 'Würde das hier nicht unserem Bedürfnissystem wiedersprechen? Wasser ist ja kein Bedürfnis. Ich habe das Bedürfnis nach Trinken und Waschen, evtl. noch schwimmen...",
,,fulfils_needs:land,rural/urban/rurban ,http://overpass-turbo.eu/?template=key&key=fullfills_needs:land,provides: land ,Bietet: Land ,This is about land - the land we all need to find shelter and/or to work on.  ,Wir brauchen und nutzen Land. Zum bewohnen und zum bearbeiten. ,,,
,,fulfils_needs:mobility,yes ,http://overpass-turbo.eu/?template=key&key=fullfills_needs:mobility,provides: mobility ,Bietet: Mobilität ,Here you find possibilities to go from A to B.,"Hier findest Du viele verschiedene Möglichkeiten, von A nach B zu kommen.",highway=* railway=* aerialway=* aeroway=* amenity=car_rental;car_sharing;bicycle_rental;boat_rental;fuel;charging_station;bicycle_parking;parking;motorcycle_parking;car_wash;taxi shop=car;motorcycle;bicycle;car_repair;,,
,,fulfils_needs:health,yes ,http://overpass-turbo.eu/?template=key&key=fullfills_needs:health,provides: health ,Bietet: Gesundheit ,Here you find what keeps and makes us healthy. ,"Hier steht das, was uns gesund hält oder macht.",amenity=hospital;clinic;doctors;dentist;veterinary;nursing_home;social_facilty(social_facility=group_home;social_facility:for=senior);pharmacy;baby_hatch emergency=defibrillator health_facility:type=counselling_centre,,
,,fulfils_needs:culture,yes ,http://overpass-turbo.eu/?template=key&key=fullfills_needs:culture,provides: culture ,Bietet: Kultur ,Here you find cultural events or free spaces to organize an event or to perform. ,Hier findest du kulturelle Veranstaltungen oder offene Räume um selbst Veranstaltungen zu organisieren. Du kannst dich auch selbst künstlerisch betätigen.. ,amenity=cinema;theatre;arts_centre;studio tourism=museum;artwork,,
,,fulfils_needs:sense_of_security,yes ,http://overpass-turbo.eu/?template=key&key=fullfills_needs:sense_of_security,provides: safety ,Bietet: Schutz ,"Here you find places and people that provide a sense of security, support and safety for a short period of time.","Orte und Menschen, die Schutz, Geborgenheit und Unterstützung in unsicheren Lebenslagen bieten.",(amenity=social_facility+social_facility=shelter),"Helmut: Ich glaube ""Security"" würde reichen. Diesen ""Sense"" braucht man nicht.",+1 (MM)
,,fulfils_needs:housing,yes ,http://overpass-turbo.eu/?template=key&key=fullfills_needs:housing,provides: housing ,Bietet: Unterkunft ,Here you find shelter and/or places you can feel at home - for a short time or permanently. ,"Hier findest Du ein Dach überm Kopf, zeitweise oder dauerhaft, ohne es auf dem freien Markt mieten oder kaufen zu müssen. ","amenity=dormitory
(amenity=social_facility+social_facility=group_home;assisted_living)",,
,,fulfils_needs:open_space,yes ,http://overpass-turbo.eu/?template=key&key=fullfills_needs:spaces,provides: open space ,Bietet: Freiraum ,"Here you find free spaces to meet, hang out, do whatever you want or express yourself. ","Hier ist ein offener Raum, um sich zu treffen, etwas zu organisieren oder wonach immer der Sinn steht. ",,,
,,fulfils_needs:objects_of_utility,yes ,http://overpass-turbo.eu/?template=key&key=fullfills_needs:objects_of_utility,provides: objects of utility ,Bietet: Gebrauchsgegenstände ,Here you can get or borrow tools and other things. ,"Hier gibt es unterschiedliche Gebrauchsgegenstände zum ausleihen, eintauschen oder geschenkt, die andere nicht mehr oder nicht immer brauchen. ","service:bicycle:tools=yes
leisure=hackerspace","besser: basic commodities (statt objects of utility)  -> eben nicht unbedingt bzw. ausschließlich ""commodities"" (Waren) ... da müssen wir noch weitersuchen",
,,fulfils_needs:clothes,yes ,http://overpass-turbo.eu/?template=key&key=fullfills_needs:clothes,provides: clothes ,Bietet: Kleidung ,"Here you can find clothes of all kinds, also for free, secondhand or fairly traded. ","Hier bekommst Du fair gehandelte oder gebrauchte, selbst gemachte oder gemeinschaftlich produzierte Kleidung. ",shop=clothes;secondhand,,
,,fulfils_needs:learning_opportunities,yes ,http://overpass-turbo.eu/?template=key&key=fullfills_needs:learning_opportunities,provides: knowledge&skills,Bietet: Wissen ,"Here is a space where knowledge, skills and insights are shared. A space where people learn and research and where you can engage heart, hand and mind. ","Hier ist ein Ort, wo Wissen geteilt, gemeinsam gelernt und geforscht wird.  'Hier kannst Du lernen, was Du schon immer gern lernen wolltest. Kopf und Hand trainieren! ",amenity=library;university;school,HELMUT: Skills_Knowledge fande ich ganz schön. Geht natürlich beides,
,,fulfils_needs:energy,yes ,http://overpass-turbo.eu/?template=key&key=fullfills_needs:energy,provides: energy ,Bietet: Energie ,"Electricity, heating, transportation - all of them require energy. Here you find projects, ideas and places, where this energy is generated. ","Strom, Wärme und Fortbewegung. Für alles braucht mensch Energie. Hier gibt es Projekte, Ideen und Standorte, die diese Energie erzeugen. ",power=generator,,
,,fulfils_needs:supportive_relationships,yes ,http://overpass-turbo.eu/?template=key&key=fullfills_needs:community,provides: supportive_relationships ,Bietet: stärkende_Sozialkontakte ,"Here you will find a person, a group of people or a network that offers support and empowerment. ","Hier kann man zusammensein, Aktivitäten und Erfahrungen erleben, die allein nicht möglich sind oder weniger Freude machen.",(amenity=social_facility+social_facility=outreach),,
,,fulfills_needs:participation,yes ,http://overpass-turbo.eu/?template=key&key=fullfills_needs:participation,provides: contribute & participate ,Bietet: beitragen & mitmachen ,"Here is a place, where your contribution is needed. You can share your skills, contribute to a project, initiate activities, or deliberate on public issues. ","Beitragen erwünscht! Hier kannst Du Dich und Deine Fähigkeiten einbringen, zu einem Projekt beitragen, ein solches initiieren, oder Dich an Debatten beteiligen,  die uns alle angehen.","leisure=hackerspace
club=*",,
,,,,,,,,,,,
Beobachtungsliste,,WILL BE OBSERVED,,,,,,,,,
,,fulfils_needs:spirituality,yes,'http://overpass-turbo.eu/?template=key&key=fullfills_needs:spirituality,provides: spirituality,Bietet: Spiritualität," Here you find spaces, places and groups that pursue a contemplative/spiritual connection.",,"amenity=place_of_worship;monastery
historic=wayside_shrine;wayside_cross;wayside_chapel",,
,,fulfils_needs:communication,,,,,,,"amenity=telephone; 
shop=mobile_phone
man_made=mast(+tower:type=communication);communications_tower
emergency=phone",,
,,fulfils_needs:air,,,,,,,,,
,,,,,,,,,,,
,,,,,,,,,,,
,,,,,,,,,,,
,TransforTax - Primary Key,OSM-Key,OSM-Value,Overpass-Link,label:en ,label:de ,description:en ,description:de ,OSM: default on objects,,
Group,,political_identity,,http://overpass-turbo.eu/s/5a7,Self-description of a community,Vielfalt_der_Alternativen,"There are many alternatives to the dominant economic model and to the ""usual"" way of producing goods and services. All these alternatives have developed for decades, they are organized in different ""tribes"" and self-identify in different ways. Here are some of the labels these ""tribes"" use to describe themselves. ","Es gibt viele Alternativen zum derzeit dominanten Wirtschaftsmodell und zur ""gewöhnlichen"" Art, Produkte und Dienstleistungen herzustellen. All diese haben sich über Jahrzehnte entwickelt und sind in verschiedenen ""Szenen"" organisiert. Einige davon sind hier aufgeführt. Zu finden sind die Selbstbeschreibungen dieser alternativen Ansätze.",,"DISKUTIEREN Bleibt es  bei ""self-description of a community/ Political Identity oder nehmen wir was Anderes z.B. ""Vielfalt der Alternativen""?",
Items,,,,,,,,,,,
,,political_identity:solidarity_economy  ,yes,http://overpass-turbo.eu/?template=key&key=political_identity:solidarity_economy,solidarity economy ,Solidarische Ökonomie ,Organisation meeting the principles of Solidarity Economy ,"Organisationen, Projekte und Unternehmen, die die Prinzipien der Solidarichen Ökonomie [1] erfüllen ",,,
,,political_identity:transition_initiative  ,yes,http://overpass-turbo.eu/?template=key&key=political_identity:transition_initiative,Transition Town Initative ,Transition Town Initiative ,Initiative based on the idea of Transition Town ,"Initiativen, die auf der Idee der Transition Towns aufbauen ",,,
,,political_identity:subsistance_economy  ,yes,http://overpass-turbo.eu/?template=key&key=political_identity:subsistance_economy,subsistence economy ,Subsistenzökonomie ,Acitivities for ones own livelyhood and well-being not producing commodities to be sold at the market ,"Ver- und fürsorgende Tätigkeiten, die der eigenen Versorgung und dem eigenen Wohlergehen dienen und nicht der Produktion für den Markt ",,,
,,political_identity:permaculture  ,yes,http://overpass-turbo.eu/?template=key&key=political_identity:permaculture,permaculture ,Permakultur ,Initiatives based on the logic of permaculture ,"Initiativen, Projekte und Gärten, die auf die Logik der Permakultur aufbauen ",,,
,,political_identity:alternatives_to_the_cash_economy  ,yes,http://overpass-turbo.eu/?template=key&key=political_identity:alternatives_to_the_cash_economy,alternative to chash economy ,Alternative zur Geldökonomie ,Places where people experiment or live without money or with a completly different currency ,"Orte, an denen ohne Geld oder mit völlig anderen Währungen experimentiert und gelebt wird. ",,,
,,political_identity:commons  ,yes,http://overpass-turbo.eu/?template=key&key=political_identity:commons,Commons ,Commons ,"Places, projects and initiatives where a given community or network collectively (re-)produces, stewards, shares or develops something ","Räume, Projekte und Initiativen, in denen eine Gemeinschaft oder ein Netzwerk etwas herstellt, erhält teilt und weiterentwickelt.",,,
,,political_identity:economy_for_the_common_good  ,yes,http://overpass-turbo.eu/?template=key&key=political_identity:economy_for_the_common_good,Economy of the Common Good ,Gemeinwohlökonomie ,Companies who create a Common Good Balance Sheet and are (going to be) certified as a economy for the common good ,"Unternehmen, die eine Gemeinwohlbilanz erstellen und als GWÖ zertifiziert sind (oder werden).",,,
,,political_identity:p2p_economy  ,yes,http://overpass-turbo.eu/?template=key&key=political_identity:p2p_economy,P2P economy ,P2P Ökonomie ,"If you pool work, ideas and resources to produce something in selfadministrated and decentral associations if you substitute the entrepreneur-to-client relationship by a P2P relationships you are part of the Peer-to-Peer (P2P) economy . ","Projekte, die Arbeit, Ideen und Ressourcen zusammentragen und auf Augenhöhe in etwas Nützliches verwandeln. Wie der Name sagt: ""Von Person zu Person""-Beziehungen ersetzen die klassische Unternehmer-Kunden-Beziehung in einem sich selbstregulierenden Prozess. ",,,
,,political_identity:collaborative_economy  ,yes,http://overpass-turbo.eu/?template=key&key=political_identity:collaborative_economy,collaborative economy ,Kollaborative Ökonomie ,"Social practices and economic models based on horizontal (P2P) networks and participation of a community, where the roles between consumer and producer are blurred, and power is distributed to a certain extent. ","Soziale Praktiken und Geschäftsmodelle, die auf horizontalen (P2P) Netzwerken und der Beteiligung einer Gemeinschaft basieren, bei denen die Rolle von Konsument und Produzent verschwimmt und Macht dezentralisiert ist.",,,
,,political_identity:ecovillage  ,yes,http://overpass-turbo.eu/?template=key&key=political_identity:ecovillage,Global Ecovillage Network ,Global Ecovillage Network ,Initiatives that are part of the Global Ecovillage Network. http://gen.ecovillage.org/,"Initiativen, die Teil des Global Ecovillage Networks sind. http://gen.ecovillage.org/",,,
,,OTHERS -> SO DASS WIR NEUE SELBSTBESCHREIBUNGEN EINSAMMELN KÖNNEN,,,,,,,,,
,,,,,,,,,,,
,,,,,,,,,,,
,TransforTax - Primary Key,OSM-Key,OSM-Value,Overpass-Link,label:en ,label:de ,description:en ,description:de ,OSM: default on objects,,
Group,,mode_of_interaction,,http://overpass-turbo.eu/s/5a2,Mode of Interaction,,"There are different ways to meet a need. You can produce what you need yourself or with others, you can co-use it, buy it or borrow it. The way you find the different ways you can interact with people to get what you need. ",,,,
Items,,,,,,,,,,,
,,mode_of_interaction:bartering,yes,http://overpass-turbo.eu/?template=key&key=mode_of_interaction:bartering,by way of bartering ,tauschen ,Here you can exchange something: give & take ,Hier kannst Du etwas tauschen: nehmen und geben. ,,,
,,mode_of_interaction:lending  ,yes,http://overpass-turbo.eu/?template=key&key=mode_of_interaction:lending,by way of lending ,verleihen ,Here you can borrow something. ,Hier kannst Du Dir etwas ausleihen.,,,
,,mode_of_interaction:renting  ,yes,http://overpass-turbo.eu/?template=key&key=mode_of_interaction:renting,by way of renting ,mieten ,Here you can rent something. ,Hier kannst Du etwas mieten.,,,
,,mode_of_interaction:gifting  ,yes,http://overpass-turbo.eu/?template=key&key=mode_of_interaction:gifting,by way of gifting ,verschenken ,Here you can give and receive. ,Hier wird ge- und verschenkt. ,,,
,,mode_of_interaction:rebuying_reselling  ,yes,http://overpass-turbo.eu/?template=key&key=mode_of_interaction:rebuying_reselling,rebuy & resell ,weiter(ver)kaufen ,Here you can get things you need and other people don't need anymore. Second-hand. ,"Hier kannst Du Dinge kaufen, die fair und nachhaltig und/oder gemeinschaftlich produziert sind und die Andere schonmal genutzt haben und nicht mehr brauchen. ",,,
,,mode_of_interaction:cousing_sharing,yes,http://overpass-turbo.eu/?template=key&key=mode_of_interaction:cousing_sharing,co-use & share ,teilen ,Here you can share and use things with others. ,Hier kannst Du etwas mit Anderen nutzen und teilen. ,,,
,,mode_of_interaction:dit_and_diy,yes,http://overpass-turbo.eu/?template=key&key=mode_of_production:dit_and_diy,diy & dit,Selbermachen ,"Here you can produce or repair, upcycle or downcycle something by yourself or together with others. ",,,,
,,mode_of_interaction:'buying_and_selling,yes,HIER FEHLT WAS,buy & sell ,kaufen und verkaufen,,,default on all shops + amenities!,,
,,WHY NOT  co-.producing?,,DISKUTIEREN,,,,,,,
,,,,,,,,,,,
,,,,,,,,,,,
,,,,,,,,,,,
,TransforTax - Primary Key,OSM-Key,OSM-Value,Overpass-Link,label:en ,label:de ,description:en ,description:de ,OSM: default on objects,,
,,mode_of_production:solidarity_cooperative_production,yes,http://overpass-turbo.eu/?template=key&key=mode_of_production:solidarity_cooperative_production,fair production ,faire Produktion ,"Projects, cooperatives and firms who cooperates with others to fullfill the needs of all people involved and to contribute to a locally embedded, sustainable and globally fair economy. ","Hier wird solidarische kooperiert: Ein Betrieb/ Projekt kooperiert intern und mit anderen Betrieben/ Projekten, um bestimmte Bedürfnisse der Beteiligten zu befriedigen und solidarisch zu einer möglichst lokal vernetzen, ökologischen und global gerechten Ökonomie beizutragen. ",,,
,,,,,,,,,,,
,TransforTax - Primary Key,OSM-Key,OSM-Value,Overpass-Link,label:en ,label:de ,description:en ,description:de ,OSM: default on objects,,
Group,,production_input,,http://overpass-turbo.eu/s/5dX,Knowledge and Resource Management,,Whatever you do or produce: you need natural resources and ideas & knowledge. The question is how you use and access them and how you make sure that your use of a resource and your knowledge management doesn't affect other people's rights. ,,,,
Items,,,,,,,,,,,
,,production_input:knowledge:public_domain,yes/no/only ,http://overpass-turbo.eu/?template=key&key=production_input:knowledge:public_domain,public domain ,gemeinfrei ,"Works or artifacts in the public domain are those where the idea of ""intellectual property rights"" does not apply. ","Entspricht etwa dem europäischen Konzept der Gemeinfreiheit. Ergo: Es gibt keine ""Geistigen Eigentumsrechte"" auf das Werk, insbesondere kein Urheberrecht ",,,
,,production_input:knowledge:free_licence   ,yes/no/only ,http://overpass-turbo.eu/?template=key&key=production_input:knowledge:free_licence,free licence ,Freie Lizenz ,"The use of this work or product is generally permitted, for free and invites to build upon. But the user has to put whatever he or she makes out of it under a free licences again. That's the condition. ","Die Nutzung eines Werks ist grundsätzlich erlaubt, kostenlos und zur Weiterverbreitung freigegeben. Allerdings muss alles, was daraus entsteht, auch wieder freigegeben werden. Das ist Bedingung. ",,,
,,production_input:knowledge:p2p_licence   ,yes/no/only ,http://overpass-turbo.eu/?template=key&key=production_input:knowledge:p2p_licence,P2P Licence ,P2P Lizenz ,"The use of this work or product is generally permitted, for free and invites to build upon. But the user has to put whatever he or she makes out of it under a free licences again. Moreover, those who use the work or product for commercial purposes need to pay for it.","Die Nutzung eines Werks ist grundsätzlich erlaubt und zur Weiterverbreitung freigegeben. Allerdings muss alles, was daraus entsteht, auch wieder freigegeben werden. Zudem müssen diejenigen zahlen, die das Werk kommerziell nutzen.",,,
,,production_input:knowledge:others   ,free text,http://overpass-turbo.eu/?template=key&key=production_input:knowledge:others,,,Please specify the licence or norm you use. ,"Bitte kurz erläutern, welche Lizenz und Nutzungsnorm angewendet wird. ",,,
,,,,,,,,,,,
,,production_input:natural_resources:sustainable   ,yes/no/partially ,http://overpass-turbo.eu/?template=key&key=production_input:natural_resources:sustainable,sustainable ,nachhaltig ,"Use of natural resources. which are renewable or of metals and rare earths which can be extracted and recycled in an energy efficient, and socially compatible way. ","Es werden natürliche Ressourcen genutzt, die erneuerbar sind, z.B. nachwachsende Rohstoffe oder Metalle und Erden, die energieeffizient, natur- und sozialverträglich gewonnen und recycelt werden. ",,,
,,production_input:natural_recources:democratic   ,yes/no/partially ,http://overpass-turbo.eu/?template=key&key=production_input:natural_resources:democratic,democratic,demokratisch ,Natural resources are used in cooperation with all stakeholders. No grabbing excluding users and habitants and no corruption. ,"Natürliche Ressourcen werden unter Beteiligung der Betroffenen genutzt. Kein ""grabbing"" vorbei an Bewohner*innen und Nutzer*innen, keine Bestechung von Entscheidungsträger*innen. ",,,
,,production_input:natural_recources:fair   ,yes/no/partially ,http://overpass-turbo.eu/?template=key&key=production_input:natural_resources:fair,fair ,fair ,"A respectivly fair price, above the market price, is being paid within a longterm and fair contractual relationship. Additionally, social-ecological standards are aimed at or developed ","Es werden Mindestpreise bzw. faire Preise über den Marktpreisen gezahlt und längerfristige, partnerschaftliche Kooperationen vereinbart. Zusätzlich werden sozial-ökologische Standards angestrebt oder entwickelt. ",,,
,,production_input:natural_recources:regional   ,yes/no/partially ,http://overpass-turbo.eu/?template=key&key=production_input:natural_resources:regional,regional ,regional ,Resources are extracted as locally as possible. ,Ressourcen werden so regional wie möglich gewonnen. ,,,
,,,,,,,,,,,
,,production_input:supply_chain:fair   ,yes/no/partially ,http://overpass-turbo.eu/?template=key&key=production_input:supply_chain:fair,fair supply chain,faire Zulieferungskette ,All criteria mentionned above apply to the whole supply chain (s.above) ,Innerhalb der gesamten Herstellungskette werden die genannten Kriterien respektiert. ,,,
,,,Where does the money come from? ,,Geldquelle ,,Wo kommt das für die Produktion nötige Geld her? ,Source of money ,,,
,,production_input:money:ethical_banking   ,yes/no/partially ,http://overpass-turbo.eu/?template=key&key=production_input:money:ethical_banking,ethical banking ,Ethische Banken ,"Your choice is a transparent financial institution with clear criteria for excluding for instance arm-production, nuclear power, fracking, GMO technology, food speculations etc or with a list of positive criteria, democratically controled and supporting the local economy. ","Bei Bedarf wird mit ethischen Banken kooperiert, die transparent sind und mindestens klare Ausschluskriterien haben (etwa für Rüstung; Atomkraft; Fracking; Gentechnik; Nahrungsmittelspekulation) oder sie haben Positivkriterien und sind zudem möglichst demokratisch kontrolliert und lokal ausgerichtet. s. http://www.bankwechsel-jetzt.de/wohin-wechseln/welche-bank/ ",,,
,,production_input:money:crowdfunding   ,yes/no/partially ,http://overpass-turbo.eu/?template=key&key=production_input:money:crowdfunding,crowdfunding,Crowdfunding ,"Finanzing of projects, idees and initiatives, little by little. Most of the time solidarity and support comes from a lot of people: the crowd. ","Auch: Schwarmfinanzierung. Finanzierung für Projekte, Ideen und Initiativen nach dem Motto: ""Kleinvieh macht auch Mist."", denn meist unterstützen viele Menschen die im World Wide Web auf spezifischen Crowd-funding-Plattformen um Solidarität gebeten werden. Crowdfunding macht unabhängiger.",,,
,,production_input:money:gift   ,yes/no/only ,http://overpass-turbo.eu/?template=key&key=production_input:money:gift,gift ,geschenkt ,"A present, donation, gift. Every human knows what that is. There is no need for any service in return","Ein Geschenk. Eine Spende. Eine Gabe. Jeder Mensch weiss, was das ist. Es bedarf keiner Gegenleistung!",,,
,,production_input:money:others   ,free text,http://overpass-turbo.eu/?template=key&key=production_input:money:others,others ,andere ,Please specify! ,Bitte kurz erläutern. ,,,
,,,Standards on work ,,Arbeitsbedingungen ,,Arbeitsbedingungen ,work standards ,,,
,,production_input:work:ilo_standards   ,yes/no ,http://overpass-turbo.eu/?template=key&key=production_input:work:ilo_standards,ILO standards,ILO Standards ,Monitoring of ILO Standards by independent organisations. ,Die Einhaltung der internationalen ILO-Standards http://ilo.org/global/standards/introduction-to-international-labour-standards/lang--en/index.htm wird durch unabhängige Organisationen überprüft.,,,
,,production_input:work:further_training   ,yes/no ,http://overpass-turbo.eu/?template=key&key=production_input:work:further_training,further training,Fortbildung ,Collaborators have the opportunity/ are invited to further training/ training on the job. ,Mitarbeitende haben die Möglichkeit/ werden eingeladen sich fortzubilden. ,,,
,,production_input:work:payment  ,equal/good/undisclosed,http://overpass-turbo.eu/?template=key&key=production_input:work:payment,payment,Bezahlung ,gleich/gut/nicht transparent ,,,,
,,production_input:work:equalpay   ,yes/no ,http://overpass-turbo.eu/?template=key&key=production_input:work:equalpay,Alle Mitarbeitenden sind am Betrieb/ Projekt und damit an Gehalts-Entscheidungen beteiligt. Transparanz bzgl. der Gehälterhöhen. Männer und Frauen werden gleich gut bezahlt. Gehaltsspreizungen betragen im Höchstfall 1:3. ,equalpay ,"problematic - cause employer sais yes / employe no --> usually we talk about projects/ initiatives etc here, not the classical employer - employé structure ",All employees are involved in the company/project and therefore part of the decision-making on earnings. Remuneration structure is transparent. Men and women are payed equally. ,,,
,,production_input:work:goodpay,yes/no ,http://overpass-turbo.eu/?template=key&key=production_input:work:goodpay,Mitarbeiter*innen erhalten Tariflöhne bzw. Gehälter oberhalb von Mindestlöhnen. Männer und Frauen werden gleich gut bezahlt. Gehaltsspreizungen betragen im Höchstfall 1:10. ,good pay ,"problematic - cause employer sais yes / employe no --> usually we talk about projects/ initiatives etc here, not the classical employer - employé structure ",Emplyes receive standard wages respectivly more than standard wage. Discrepancy between highest and lowest wage is less than 1:10,,,
,,,,,,,,,,,
,TransforTax - Primary Key,OSM-Key,OSM-Value,Overpass-Link,label:en ,label:de ,description:en ,description:de ,OSM: default on objects,,
Group,,mode_of_organization,,http://overpass-turbo.eu/s/4P6,Mode of Organization,,"The way a project, initiative or enterprise is organized tells a lot about its purpose and character. Here you find answers to questions like: Who owns? Who benefits from? Who takes the decisions? What about democratic standards within the project? And so on. ",,,,
Items,,,,,,,,,,,
,,mode_of_organization:ownership_structure,free text ,http://overpass-turbo.eu/?template=key&key=mode_of_organization:ownership_structure,ownership ,Eigentümer ,"How is ownership organized? Is it a Cooperative, Free Association, P2P Network, community, self-organized group or something else? All of them can be drivers of an alternative economy.","Wie sind die Eigentumsverhältnisse? Genossenschaft, Verein, P2P Netzwerk, Gemeinschaft, selbstorganisierte Gruppe oder eine anderer Akteur der Anderen Ökonomie? ",,,
,,mode_of_organization:purpose,non_profit/not_for_private_profit/for_members/for_the_commons ,http://overpass-turbo.eu/?template=key&key=mode_of_organization:purpose,for profit or for benefit,Gewinn oder Gemeinwohl ,"Please make transparent if your project, initiative or enterprise is completely non profite, not for private profit but for reinvestment in social purposes and the common good or if members only benefit from it. Provide a link or information for more information. ","Bitte transparent machen, ob das Projekt, die Initiative oder das Unternehmen frei von Gewinninteressen ist, frei von privaten Gewinninteressen ist und Gewinn in soziale Zwecke steckt, ob nur Mitglieder davon profitieren oder die Allgemeinheit. ",,,
,,mode_of_organization:self_managed,yes/no ,http://overpass-turbo.eu/?template=key&key=mode_of_organization:self_managed,self managed,selbstverwaltet ,"Is the production process independent from - whatever - external interests or authorities, is it based on a self-organized structure and process?",Ist der Produktionsprozess unabhängig von jedwedem externen Interesse? Gibt es Selbstorganisationsstrukturen und einen Selbstverwaltungsprozess? ,,,
,,mode_of_organization:decision_making,by_consensus/by_vote/... ,http://overpass-turbo.eu/?template=key&key=mode_of_organization:decision_making,"Werden Entscheidungen im Konsens getroffen oder wird abgestimmt? ""Im Konsens"" bedeutet, dass eine gemeinsame Entscheidung gefunden wird, der sich niemand entgegen stellt. Eine Abstimmung hingegen folgt dem Prinzip ""eine Person - eine Stimme"", wie hoch dabei der Stimmanteil ist, der zu einer Entscheidung führt ist oft unterschiedliche geregelt. ",decision making ,,Do you take your decisions by consensus or by vote? 'By consensus' means: users and/or participants find ways to come to an agreement nobody feels the need to resist; 'by vote' means: one person - one vote with different rules about how many votes are needed to come to an agreement. ,,,
,,mode_of_organization:members,users/producers/suppliers/affected/open/closed/others ,http://overpass-turbo.eu/?template=key&key=mode_of_organization:members,membership ,Mitgliedschaft ,Nutzer/Produzenten/Zulieferer/Betroffene/offen/geschlossen/andere ,,,,
,,mode_of_organization:hierarchy_chef,no/yes/elected/flat hierarchy/others ,http://overpass-turbo.eu/?template=key&key=mode_of_organization:hierarchy_chef,hierarchy ,Hierarchie ,nein/ja/gewählt/flache Hierarchy,,,,
,,mode_of_organization:scale_of_activity,local/regional/national/binational/multinational/global ,http://overpass-turbo.eu/?template=key&key=mode_of_organization:scale_of_activity,"Wird auf lokaler, regionaler, nationaler, binationaler, multinationaler oder globaler Ebene agiert? ",scale of activity ,,"Do you act at a local, regional, national, binational, multinational or global level? Combinations are possible. ",,,
,,mode_of_organization:transparency,free text ,http://overpass-turbo.eu/?template=key&key=mode_of_organization:transparency,,transparency ,If you think about transparency in_the mode_of_organization/the_decision_making process/ in thesupply_chain/ in financial issues/ in terms of the technology used and in terms of information_and_knowledge_management. How would you assess transparency? 100% fullfilled or partially:yes/no/a_bit/much ,"Wie ist die Transparenz des Projektes/ Unternehmens einzuschätzen, bitte viele Aspekte berücksichtigen. Organisationsstruktur, Mittelverwaltung, Entscheidungsfindung, Zulieferung, Technologienutzung oder Wissens- und Informationsmanagement. Jeweils zu 100% erfüllt oder teilweise: ja/nein/ein bisschen/viel ",,,
,,,,,,,,,,,
,,,,,,,,,,,
,,,,,,,,,,,
,,,,,,,,,,,
,,,,,,,,,,,
,TransforTax - Primary Key,OSM-Key,OSM-Value,Overpass-Link,label:en ,label:de ,description:en ,description:de ,OSM: default on objects,,
Group,,occurence,,,occurence,,BESCHREIBUNG ,,,,
